Task ID,Title,Description,Phase,Epic,Priority,Story Points,Estimated Days,Status,Labels,Files
AUTH-001,Create Auth Service Provider,Implement AuthService class with session-based authentication and cookie handling,Phase 1: Authentication & Security,Epic 1.1: User Authentication System,游댮 CRITICAL,3,3,游닇 Planned,"priority:critical,phase-1-auth,epic:authentication,type:feature",system/Core/AuthService.php
AUTH-002,Create User Authentication Controller,Login/Logout/Current user endpoints,Phase 1: Authentication & Security,Epic 1.1: User Authentication System,游댮 CRITICAL,2,2,游닇 Planned,"priority:critical,phase-1-auth,epic:authentication,type:feature",app/Http/Controllers/AuthController.php
AUTH-003,Password Hashing Utilities,Hash/Verify/Rehash password methods,Phase 1: Authentication & Security,Epic 1.1: User Authentication System,游댮 CRITICAL,1,1,游닇 Planned,"priority:critical,phase-1-auth,epic:authentication,type:feature",system/Helpers/PasswordHelper.php
AUTH-004,Auth Middleware,Check authentication and redirect,Phase 1: Authentication & Security,Epic 1.1: User Authentication System,游댮 CRITICAL,2,2,游닇 Planned,"priority:critical,phase-1-auth,epic:authentication,type:feature",app/Http/Middleware/Authenticate.php
AUTH-005,Registration System,User registration with email validation,Phase 1: Authentication & Security,Epic 1.1: User Authentication System,游댮 CRITICAL,2,2,游닇 Planned,"priority:critical,phase-1-auth,epic:authentication,type:feature",app/Http/Controllers/RegisterController.php
AUTH-006,Password Reset Flow,Forgot password and reset token system,Phase 1: Authentication & Security,Epic 1.1: User Authentication System,游댮 CRITICAL,3,3,游닇 Planned,"priority:critical,phase-1-auth,epic:authentication,type:feature",app/Http/Controllers/PasswordResetController.php
AUTH-007,Email Verification,Send verification email and verify endpoint,Phase 1: Authentication & Security,Epic 1.1: User Authentication System,游댮 CRITICAL,3,3,游닇 Planned,"priority:critical,phase-1-auth,epic:authentication,type:feature",app/Http/Controllers/VerificationController.php
AUTH-008,Remember Me Functionality,Generate and validate remember tokens,Phase 1: Authentication & Security,Epic 1.1: User Authentication System,游댮 CRITICAL,2,2,游닇 Planned,"priority:critical,phase-1-auth,epic:authentication,type:feature",system/Core/AuthService.php
AUTH-101,Role-Based Access Control,Create Role and Permission entities with RBAC,Phase 1: Authentication & Security,Epic 1.2: Authorization System,游댮 CRITICAL,3,3,游닇 Planned,"priority:critical,phase-1-auth,epic:authorization,type:feature","app/Entities/Role.php,app/Entities/Permission.php"
AUTH-102,Policy System,Create Policy base class and registration,Phase 1: Authentication & Security,Epic 1.2: Authorization System,游댮 CRITICAL,3,3,游닇 Planned,"priority:critical,phase-1-auth,epic:authorization,type:feature",system/Core/Policy.php
AUTH-103,Gate System,Define gates and check permissions,Phase 1: Authentication & Security,Epic 1.2: Authorization System,游댮 CRITICAL,2,2,游닇 Planned,"priority:critical,phase-1-auth,epic:authorization,type:feature",system/Core/Gate.php
AUTH-104,Authorization Middleware,Role and permission middleware,Phase 1: Authentication & Security,Epic 1.2: Authorization System,游댮 CRITICAL,2,2,游닇 Planned,"priority:critical,phase-1-auth,epic:authorization,type:feature",app/Http/Middleware/Authorize.php
AUTH-105,Authorization Helper Functions,"auth(), can(), hasRole() helpers",Phase 1: Authentication & Security,Epic 1.2: Authorization System,游댮 CRITICAL,1,1,游닇 Planned,"priority:critical,phase-1-auth,epic:authorization,type:feature",system/Helpers/auth_helpers.php
AUTH-106,Auth CLI Commands,Make policy and role management commands,Phase 1: Authentication & Security,Epic 1.2: Authorization System,游댮 CRITICAL,2,2,游닇 Planned,"priority:critical,phase-1-auth,epic:authorization,type:feature",system/CLI/Commands/
SEC-001,CSRF Protection,Generate and validate CSRF tokens,Phase 1: Authentication & Security,Epic 1.3: Security Enhancements,游댮 CRITICAL,2,2,游닇 Planned,"priority:critical,phase-1-auth,epic:security,type:feature","system/Core/CSRF.php,app/Http/Middleware/VerifyCsrfToken.php"
SEC-002,XSS Protection,Input sanitization and HTML purifier,Phase 1: Authentication & Security,Epic 1.3: Security Enhancements,游댮 CRITICAL,2,2,游닇 Planned,"priority:critical,phase-1-auth,epic:security,type:feature",system/Security/XSSProtection.php
SEC-003,Rate Limiting,Rate limiter with Redis/File storage,Phase 1: Authentication & Security,Epic 1.3: Security Enhancements,游댮 CRITICAL,3,3,游닇 Planned,"priority:critical,phase-1-auth,epic:security,type:feature",system/Core/RateLimiter.php
SEC-004,Two-Factor Authentication,TOTP implementation with QR codes,Phase 1: Authentication & Security,Epic 1.3: Security Enhancements,游리 HIGH,5,5,游닇 Planned,"priority:high,phase-1-auth,epic:security,type:feature",system/Security/TwoFactor.php
STORAGE-001,Storage Service Provider,Storage driver interface with Local driver,Phase 2: File Storage & Media,Epic 2.1: File Storage Abstraction,游댮 CRITICAL,3,3,游닇 Planned,"priority:critical,phase-2-storage,epic:storage,type:feature","system/Core/Storage/StorageInterface.php,LocalStorage.php"
STORAGE-002,S3 Storage Driver,AWS S3 integration for cloud storage,Phase 2: File Storage & Media,Epic 2.1: File Storage Abstraction,游댮 CRITICAL,3,3,游닇 Planned,"priority:critical,phase-2-storage,epic:storage,type:feature",system/Core/Storage/S3Storage.php
STORAGE-003,File Upload Handler,Validate and handle file uploads,Phase 2: File Storage & Media,Epic 2.1: File Storage Abstraction,游댮 CRITICAL,2,2,游닇 Planned,"priority:critical,phase-2-storage,epic:storage,type:feature",system/Core/FileUpload.php
STORAGE-004,Image Processing,Resize images and create thumbnails,Phase 2: File Storage & Media,Epic 2.1: File Storage Abstraction,游댮 CRITICAL,3,3,游닇 Planned,"priority:critical,phase-2-storage,epic:storage,type:feature",system/Core/Image.php
STORAGE-005,Storage Helper Functions,"storage_path(), upload(), download() helpers",Phase 2: File Storage & Media,Epic 2.1: File Storage Abstraction,游댮 CRITICAL,1,1,游닇 Planned,"priority:critical,phase-2-storage,epic:storage,type:feature",system/Helpers/storage_helpers.php
STORAGE-006,Storage CLI Commands,Storage link and clear commands,Phase 2: File Storage & Media,Epic 2.1: File Storage Abstraction,游댮 CRITICAL,1,1,游닇 Planned,"priority:critical,phase-2-storage,epic:storage,type:feature",system/CLI/Commands/
MEDIA-001,Media Entity,Store file metadata in database,Phase 2: File Storage & Media,Epic 2.2: Media Manager,游댮 CRITICAL,2,2,游닇 Planned,"priority:critical,phase-2-storage,epic:media,type:feature",app/Entities/Media.php
MEDIA-002,Media Repository,Query methods for media files,Phase 2: File Storage & Media,Epic 2.2: Media Manager,游댮 CRITICAL,2,2,游닇 Planned,"priority:critical,phase-2-storage,epic:media,type:feature",app/Repositories/MediaRepository.php
MEDIA-003,Media Controller API,Upload/List/Delete/Download endpoints,Phase 2: File Storage & Media,Epic 2.2: Media Manager,游댮 CRITICAL,3,3,游닇 Planned,"priority:critical,phase-2-storage,epic:media,type:feature",app/Http/Controllers/MediaController.php
MEDIA-004,Media UI,File browser with drag & drop upload,Phase 2: File Storage & Media,Epic 2.2: Media Manager,游릭 MEDIUM,5,5,游닇 Planned,"priority:medium,phase-2-storage,epic:media,type:feature",resources/views/media/
CACHE-001,Cache Interface,PSR-16 SimpleCache interface,Phase 3: Caching & Performance,Epic 3.1: Cache Abstraction Layer,游댮 CRITICAL,1,1,游닇 Planned,"priority:critical,phase-3-cache,epic:caching,type:feature",system/Core/Cache/CacheInterface.php
CACHE-002,File Cache Driver,Store cache in files with TTL,Phase 3: Caching & Performance,Epic 3.1: Cache Abstraction Layer,游댮 CRITICAL,2,2,游닇 Planned,"priority:critical,phase-3-cache,epic:caching,type:feature",system/Core/Cache/FileCache.php
CACHE-003,Redis Cache Driver,Redis integration with tags support,Phase 3: Caching & Performance,Epic 3.1: Cache Abstraction Layer,游댮 CRITICAL,3,3,游닇 Planned,"priority:critical,phase-3-cache,epic:caching,type:feature",system/Core/Cache/RedisCache.php
CACHE-004,Memcached Driver,Memcached connection and operations,Phase 3: Caching & Performance,Epic 3.1: Cache Abstraction Layer,游리 HIGH,2,2,游닇 Planned,"priority:high,phase-3-cache,epic:caching,type:feature",system/Core/Cache/MemcachedCache.php
CACHE-005,Cache Manager,Multiple cache stores management,Phase 3: Caching & Performance,Epic 3.1: Cache Abstraction Layer,游댮 CRITICAL,2,2,游닇 Planned,"priority:critical,phase-3-cache,epic:caching,type:feature",system/Core/Cache/CacheManager.php
CACHE-006,Cache Helper Functions,"cache(), Cache::get(), Cache::remember()",Phase 3: Caching & Performance,Epic 3.1: Cache Abstraction Layer,游댮 CRITICAL,1,1,游닇 Planned,"priority:critical,phase-3-cache,epic:caching,type:feature",system/Helpers/cache_helpers.php
CACHE-007,Tagged Cache,Cache tags and flush by tags,Phase 3: Caching & Performance,Epic 3.1: Cache Abstraction Layer,游리 HIGH,2,2,游닇 Planned,"priority:high,phase-3-cache,epic:caching,type:feature",system/Core/Cache/TaggedCache.php
CACHE-008,Cache CLI Commands,Cache management commands,Phase 3: Caching & Performance,Epic 3.1: Cache Abstraction Layer,游댮 CRITICAL,1,1,游닇 Planned,"priority:critical,phase-3-cache,epic:caching,type:feature",system/CLI/Commands/
CACHE-101,Query Result Caching,Cache database query results,Phase 3: Caching & Performance,Epic 3.2: Query & ORM Caching,游리 HIGH,3,3,游닇 Planned,"priority:high,phase-3-cache,epic:orm-cache,type:feature",system/Core/ORMService.php
CACHE-102,Model Caching,Cache entity results and relationships,Phase 3: Caching & Performance,Epic 3.2: Query & ORM Caching,游리 HIGH,3,3,游닇 Planned,"priority:high,phase-3-cache,epic:orm-cache,type:feature",system/Core/ModelCache.php
CACHE-103,Cache Configuration,Cache settings and configuration file,Phase 3: Caching & Performance,Epic 3.2: Query & ORM Caching,游댮 CRITICAL,1,1,游닇 Planned,"priority:critical,phase-3-cache,epic:orm-cache,type:feature",config/cache.php
EMAIL-001,Mail Service Provider,SMTP configuration and mailer interface,Phase 4: Email & Notifications,Epic 4.1: Email System,游리 HIGH,3,3,游닇 Planned,"priority:high,phase-4-email,epic:email,type:feature",system/Core/Mail/MailService.php
EMAIL-002,Mailable Class,Base Mailable class with attachments,Phase 4: Email & Notifications,Epic 4.1: Email System,游리 HIGH,3,3,游닇 Planned,"priority:high,phase-4-email,epic:email,type:feature",system/Core/Mail/Mailable.php
EMAIL-003,Email Templates,Latte email templates with layouts,Phase 4: Email & Notifications,Epic 4.1: Email System,游리 HIGH,2,2,游닇 Planned,"priority:high,phase-4-email,epic:email,type:feature",resources/views/emails/
EMAIL-004,SMTP Driver,Send emails via SMTP with TLS/SSL,Phase 4: Email & Notifications,Epic 4.1: Email System,游리 HIGH,2,2,游닇 Planned,"priority:high,phase-4-email,epic:email,type:feature",system/Core/Mail/SmtpDriver.php
EMAIL-005,Additional Email Drivers,"Mailgun, SendGrid, SES API drivers",Phase 4: Email & Notifications,Epic 4.1: Email System,游릭 MEDIUM,4,4,游닇 Planned,"priority:medium,phase-4-email,epic:email,type:feature",system/Core/Mail/Drivers/
EMAIL-006,Queue Emails,Queue mailable jobs with retry,Phase 4: Email & Notifications,Epic 4.1: Email System,游리 HIGH,2,2,游닇 Planned,"priority:high,phase-4-email,epic:email,type:feature",system/Core/Mail/QueuedMailable.php
EMAIL-007,Email CLI Commands,Make mail and test mail commands,Phase 4: Email & Notifications,Epic 4.1: Email System,游리 HIGH,1,1,游닇 Planned,"priority:high,phase-4-email,epic:email,type:feature",system/CLI/Commands/
NOTIF-001,Notification Base Class,Notification interface and via channels,Phase 4: Email & Notifications,Epic 4.2: Notification System,游리 HIGH,3,3,游닇 Planned,"priority:high,phase-4-email,epic:notifications,type:feature",system/Core/Notification/Notification.php
NOTIF-002,Database Notifications,Store notifications in database,Phase 4: Email & Notifications,Epic 4.2: Notification System,游리 HIGH,3,3,游닇 Planned,"priority:high,phase-4-email,epic:notifications,type:feature",app/Entities/Notification.php
NOTIF-003,Email Channel,Send notifications via email,Phase 4: Email & Notifications,Epic 4.2: Notification System,游리 HIGH,2,2,游닇 Planned,"priority:high,phase-4-email,epic:notifications,type:feature",system/Core/Notification/EmailChannel.php
NOTIF-004,Broadcast Channel,WebSocket and Pusher integration,Phase 4: Email & Notifications,Epic 4.2: Notification System,游릭 MEDIUM,3,3,游닇 Planned,"priority:medium,phase-4-email,epic:notifications,type:feature",system/Core/Notification/BroadcastChannel.php
NOTIF-005,SMS Channel,Twilio SMS integration,Phase 4: Email & Notifications,Epic 4.2: Notification System,游댯 LOW,3,3,游닇 Planned,"priority:low,phase-4-email,epic:notifications,type:feature",system/Core/Notification/SmsChannel.php
NOTIF-006,Notification CLI Commands,Make notification and create table commands,Phase 4: Email & Notifications,Epic 4.2: Notification System,游리 HIGH,1,1,游닇 Planned,"priority:high,phase-4-email,epic:notifications,type:feature",system/CLI/Commands/
API-001,Resource Base Class,Transform entities to JSON with conditionals,Phase 5: API Enhancements,Epic 5.1: API Resources,游리 HIGH,3,3,游닇 Planned,"priority:high,phase-5-api,epic:api-resources,type:feature",system/Core/Http/JsonResource.php
API-002,Resource Collection,Collection with meta and HATEOAS links,Phase 5: API Enhancements,Epic 5.1: API Resources,游리 HIGH,2,2,游닇 Planned,"priority:high,phase-5-api,epic:api-resources,type:feature",system/Core/Http/ResourceCollection.php
API-003,Resource CLI Command,Generate resource classes,Phase 5: API Enhancements,Epic 5.1: API Resources,游리 HIGH,1,1,游닇 Planned,"priority:high,phase-5-api,epic:api-resources,type:feature",system/CLI/Commands/MakeResource.php
API-004,Response Helpers,"response()->json(), resource(), collection()",Phase 5: API Enhancements,Epic 5.1: API Resources,游리 HIGH,1,1,游닇 Planned,"priority:high,phase-5-api,epic:api-resources,type:feature",system/Helpers/response_helpers.php
PAGE-001,Paginator Class,Page-based pagination with total count,Phase 5: API Enhancements,Epic 5.2: Pagination,游리 HIGH,2,2,游닇 Planned,"priority:high,phase-5-api,epic:pagination,type:feature",system/Core/Pagination/Paginator.php
PAGE-002,Cursor Pagination,Cursor-based pagination for large datasets,Phase 5: API Enhancements,Epic 5.2: Pagination,游릭 MEDIUM,2,2,游닇 Planned,"priority:medium,phase-5-api,epic:pagination,type:feature",system/Core/Pagination/CursorPaginator.php
PAGE-003,ORM Integration,Integrate pagination with repositories,Phase 5: API Enhancements,Epic 5.2: Pagination,游리 HIGH,2,2,游닇 Planned,"priority:high,phase-5-api,epic:pagination,type:feature",system/Core/Repository.php
PAGE-004,Pagination Response,JSON format with meta and links,Phase 5: API Enhancements,Epic 5.2: Pagination,游리 HIGH,2,2,游닇 Planned,"priority:high,phase-5-api,epic:pagination,type:feature",system/Core/Pagination/PaginationResponse.php
API-AUTH-001,JWT Token System,Generate and validate JWT tokens,Phase 5: API Enhancements,Epic 5.3: API Authentication,游리 HIGH,4,4,游닇 Planned,"priority:high,phase-5-api,epic:api-auth,type:feature",system/Core/Auth/JWTAuth.php
API-AUTH-002,API Token (Sanctum-like),Personal access tokens with scopes,Phase 5: API Enhancements,Epic 5.3: API Authentication,游리 HIGH,4,4,游닇 Planned,"priority:high,phase-5-api,epic:api-auth,type:feature",system/Core/Auth/PersonalAccessToken.php
API-AUTH-003,OAuth2 Server,Authorization server with grants,Phase 5: API Enhancements,Epic 5.3: API Authentication,游댯 LOW,8,8,游닇 Planned,"priority:low,phase-5-api,epic:api-auth,type:feature",system/Core/Auth/OAuth2Server.php
API-AUTH-004,API Middleware,Token validation and user resolution,Phase 5: API Enhancements,Epic 5.3: API Authentication,游리 HIGH,2,2,游닇 Planned,"priority:high,phase-5-api,epic:api-auth,type:feature",app/Http/Middleware/AuthenticateAPI.php
API-VER-001,Version Routing,API version routing support,Phase 5: API Enhancements,Epic 5.4: API Versioning,游릭 MEDIUM,2,2,游닇 Planned,"priority:medium,phase-5-api,epic:api-versioning,type:feature",system/Core/Router.php
API-VER-002,Version Negotiation,Accept header and URL versioning,Phase 5: API Enhancements,Epic 5.4: API Versioning,游릭 MEDIUM,2,2,游닇 Planned,"priority:medium,phase-5-api,epic:api-versioning,type:feature",app/Http/Middleware/APIVersion.php
API-VER-003,Deprecation Warnings,Deprecated endpoint warnings and sunset headers,Phase 5: API Enhancements,Epic 5.4: API Versioning,游댯 LOW,1,1,游닇 Planned,"priority:low,phase-5-api,epic:api-versioning,type:feature",system/Core/Http/DeprecationWarning.php
COLLECT-001,Collection Base Class,Array wrapper with fluent interface,Phase 6: Developer Utilities,Epic 6.1: Collection Class,游리 HIGH,3,3,游닇 Planned,"priority:high,phase-6-utils,epic:collection,type:feature",system/Core/Collection/Collection.php
COLLECT-002,Basic Collection Methods,"map, filter, reduce, each, first, last",Phase 6: Developer Utilities,Epic 6.1: Collection Class,游리 HIGH,3,3,游닇 Planned,"priority:high,phase-6-utils,epic:collection,type:feature",system/Core/Collection/Collection.php
COLLECT-003,Advanced Collection Methods,"groupBy, sortBy, unique, chunk, flatten",Phase 6: Developer Utilities,Epic 6.1: Collection Class,游리 HIGH,3,3,游닇 Planned,"priority:high,phase-6-utils,epic:collection,type:feature",system/Core/Collection/Collection.php
COLLECT-004,Higher Order Messages,Magic method proxying for collections,Phase 6: Developer Utilities,Epic 6.1: Collection Class,游릭 MEDIUM,2,2,游닇 Planned,"priority:medium,phase-6-utils,epic:collection,type:feature",system/Core/Collection/HigherOrderProxy.php
COLLECT-005,Lazy Collection,Generator-based memory-efficient collection,Phase 6: Developer Utilities,Epic 6.1: Collection Class,游릭 MEDIUM,3,3,游닇 Planned,"priority:medium,phase-6-utils,epic:collection,type:feature",system/Core/Collection/LazyCollection.php
COLLECT-006,Collection Helper,collect() helper function,Phase 6: Developer Utilities,Epic 6.1: Collection Class,游리 HIGH,1,1,游닇 Planned,"priority:high,phase-6-utils,epic:collection,type:feature",system/Helpers/collection_helpers.php
HELPER-001,String Helper Class,"Str::camel(), snake(), kebab(), slug(), etc.",Phase 6: Developer Utilities,Epic 6.2: String & Array Helpers,游리 HIGH,3,3,游닇 Planned,"priority:high,phase-6-utils,epic:helpers,type:feature",system/Helpers/Str.php
HELPER-002,Array Helper Class,"Arr::get(), set(), has(), only(), except()",Phase 6: Developer Utilities,Epic 6.2: String & Array Helpers,游리 HIGH,3,3,游닇 Planned,"priority:high,phase-6-utils,epic:helpers,type:feature",system/Helpers/Arr.php
HELPER-003,URL Helpers,"url(), route(), asset() functions",Phase 6: Developer Utilities,Epic 6.2: String & Array Helpers,游리 HIGH,1,1,游닇 Planned,"priority:high,phase-6-utils,epic:helpers,type:feature",system/Helpers/url_helpers.php
HELPER-004,Misc Helpers,"dd(), dump(), tap(), retry(), optional()",Phase 6: Developer Utilities,Epic 6.2: String & Array Helpers,游리 HIGH,1,1,游닇 Planned,"priority:high,phase-6-utils,epic:helpers,type:feature",system/Helpers/misc_helpers.php
HTTP-001,HTTP Client Class,GET/POST/PUT/DELETE/PATCH with headers,Phase 6: Developer Utilities,Epic 6.3: HTTP Client,游리 HIGH,3,3,游닇 Planned,"priority:high,phase-6-utils,epic:http-client,type:feature",system/Core/Http/HttpClient.php
HTTP-002,Request Builder,Fluent interface for building requests,Phase 6: Developer Utilities,Epic 6.3: HTTP Client,游리 HIGH,2,2,游닇 Planned,"priority:high,phase-6-utils,epic:http-client,type:feature",system/Core/Http/RequestBuilder.php
HTTP-003,Testing Fakes,Fake HTTP responses for testing,Phase 6: Developer Utilities,Epic 6.3: HTTP Client,游릭 MEDIUM,2,2,游닇 Planned,"priority:medium,phase-6-utils,epic:http-client,type:feature",system/Core/Http/HttpFake.php
HTTP-004,HTTP Helper,http() helper function,Phase 6: Developer Utilities,Epic 6.3: HTTP Client,游리 HIGH,1,1,游닇 Planned,"priority:high,phase-6-utils,epic:http-client,type:feature",system/Helpers/http_helpers.php
LOG-001,Logger Service,PSR-3 LoggerInterface with multiple channels,Phase 7: Advanced Features,Epic 7.1: Logging System,游릭 MEDIUM,3,3,游닇 Planned,"priority:medium,phase-7-advanced,epic:logging,type:feature",system/Core/Logger/Logger.php
LOG-002,Log Channels,"File, Database, Slack, Email channels",Phase 7: Advanced Features,Epic 7.1: Logging System,游릭 MEDIUM,3,3,游닇 Planned,"priority:medium,phase-7-advanced,epic:logging,type:feature",system/Core/Logger/Channels/
LOG-003,Log Configuration,Channel configuration and log levels,Phase 7: Advanced Features,Epic 7.1: Logging System,游릭 MEDIUM,1,1,游닇 Planned,"priority:medium,phase-7-advanced,epic:logging,type:feature",config/logging.php
LOG-004,Log Helper Functions,"logger(), info(), error(), warning()",Phase 7: Advanced Features,Epic 7.1: Logging System,游릭 MEDIUM,1,1,游닇 Planned,"priority:medium,phase-7-advanced,epic:logging,type:feature",system/Helpers/log_helpers.php
I18N-001,Translation Service,Load language files with pluralization,Phase 7: Advanced Features,Epic 7.2: Localization,游릭 MEDIUM,3,3,游닇 Planned,"priority:medium,phase-7-advanced,epic:i18n,type:feature",system/Core/Translation/Translator.php
I18N-002,Language Files,JSON language files with nested translations,Phase 7: Advanced Features,Epic 7.2: Localization,游릭 MEDIUM,1,1,游닇 Planned,"priority:medium,phase-7-advanced,epic:i18n,type:feature",resources/lang/
I18N-003,Translation Helpers,"__(), trans(), trans_choice() functions",Phase 7: Advanced Features,Epic 7.2: Localization,游릭 MEDIUM,1,1,游닇 Planned,"priority:medium,phase-7-advanced,epic:i18n,type:feature",system/Helpers/translation_helpers.php
I18N-004,Locale Middleware,Detect and set application locale,Phase 7: Advanced Features,Epic 7.2: Localization,游릭 MEDIUM,2,2,游닇 Planned,"priority:medium,phase-7-advanced,epic:i18n,type:feature",app/Http/Middleware/SetLocale.php
I18N-005,Translation CLI Commands,Make language and find missing translations,Phase 7: Advanced Features,Epic 7.2: Localization,游릭 MEDIUM,1,1,游닇 Planned,"priority:medium,phase-7-advanced,epic:i18n,type:feature",system/CLI/Commands/
SCHEDULE-001,Scheduler Service,Cron expression parser and schedule commands,Phase 7: Advanced Features,Epic 7.3: Task Scheduler,游릭 MEDIUM,4,4,游닇 Planned,"priority:medium,phase-7-advanced,epic:scheduler,type:feature",system/Core/Schedule/Scheduler.php
SCHEDULE-002,Schedule Definition,"daily(), hourly(), weekly(), at(), cron()",Phase 7: Advanced Features,Epic 7.3: Task Scheduler,游릭 MEDIUM,2,2,游닇 Planned,"priority:medium,phase-7-advanced,epic:scheduler,type:feature",config/schedule.php
SCHEDULE-003,Schedule Runner,Run scheduled tasks with locking,Phase 7: Advanced Features,Epic 7.3: Task Scheduler,游릭 MEDIUM,3,3,游닇 Planned,"priority:medium,phase-7-advanced,epic:scheduler,type:feature",system/Core/Schedule/ScheduleRunner.php
SCHEDULE-004,Schedule CLI Commands,Run and list scheduled tasks,Phase 7: Advanced Features,Epic 7.3: Task Scheduler,游릭 MEDIUM,2,2,游닇 Planned,"priority:medium,phase-7-advanced,epic:scheduler,type:feature",system/CLI/Commands/
SCHEDULE-005,Cron Setup Documentation,Crontab and system cron configuration guide,Phase 7: Advanced Features,Epic 7.3: Task Scheduler,游릭 MEDIUM,1,1,游닇 Planned,"priority:medium,phase-7-advanced,epic:scheduler,type:docs",docs/advanced/scheduler.md
SOFT-001,Soft Delete Trait,deleted_at timestamp with override delete,Phase 7: Advanced Features,Epic 7.4: Soft Deletes,游릭 MEDIUM,2,2,游닇 Planned,"priority:medium,phase-7-advanced,epic:soft-deletes,type:feature",system/Core/Database/SoftDeletes.php
SOFT-002,Query Modifications,"Auto-filter deleted, withTrashed(), onlyTrashed()",Phase 7: Advanced Features,Epic 7.4: Soft Deletes,游릭 MEDIUM,2,2,游닇 Planned,"priority:medium,phase-7-advanced,epic:soft-deletes,type:feature",system/Core/Database/QueryFilters.php
SOFT-003,Restore Method,Restore soft-deleted records,Phase 7: Advanced Features,Epic 7.4: Soft Deletes,游릭 MEDIUM,1,1,游닇 Planned,"priority:medium,phase-7-advanced,epic:soft-deletes,type:feature",system/Core/Database/SoftDeletes.php
